{"cameraMode":{"drawMode":0,"name":"Shaded","section":"Shading Mode"},"sceneLighting":false,"audioPlay":false,"sceneViewState":{"m_AlwaysRefresh":false,"showFog":true,"showSkybox":false,"showFlares":true,"showImageEffects":true,"showParticleSystems":true,"showVisualEffectGraphs":true,"m_FxEnabled":true},"in2DMode":false,"pivot":{"x":9.325961112976075,"y":0.4627286493778229,"z":-5.194830417633057},"rotation":{"x":0.014328652992844582,"y":0.9453696012496948,"z":-0.041396159678697589,"w":0.3236978054046631},"size":5.196152687072754,"orthographic":false}