{"cameraMode":{"drawMode":0,"name":"Shaded","section":"Shading Mode"},"sceneLighting":false,"audioPlay":false,"sceneViewState":{"m_AlwaysRefresh":false,"showFog":false,"showSkybox":false,"showFlares":false,"showImageEffects":false,"showParticleSystems":false,"showVisualEffectGraphs":true,"m_FxEnabled":true},"in2DMode":false,"pivot":{"x":-0.0000040531158447265629,"y":0.8138377666473389,"z":-0.06385058164596558},"rotation":{"x":-0.04551193490624428,"y":0.9522520303726196,"z":-0.17742544412612916,"w":-0.24426497519016267},"size":1.2440131902694703,"orthographic":false}