{"cameraMode":{"drawMode":0,"name":"Shaded","section":"Shading Mode"},"sceneLighting":false,"audioPlay":false,"sceneViewState":{"m_AlwaysRefresh":false,"showFog":true,"showSkybox":false,"showFlares":true,"showImageEffects":true,"showParticleSystems":true,"showVisualEffectGraphs":true,"m_FxEnabled":true},"in2DMode":false,"pivot":{"x":25.36638069152832,"y":0.9971429705619812,"z":-29.709396362304689},"rotation":{"x":0.0026678696740418674,"y":0.9971545338630676,"z":-0.06891877949237824,"w":0.0370078980922699},"size":0.8660253882408142,"orthographic":false}