{"cameraMode":{"drawMode":0,"name":"Shaded","section":"Shading Mode"},"sceneLighting":false,"audioPlay":false,"sceneViewState":{"m_AlwaysRefresh":false,"showFog":true,"showSkybox":false,"showFlares":true,"showImageEffects":true,"showParticleSystems":true,"showVisualEffectGraphs":true,"m_FxEnabled":true},"in2DMode":false,"pivot":{"x":5.620765209197998,"y":0.10727022588253021,"z":49.59107971191406},"rotation":{"x":-0.018615351989865304,"y":-0.020581761375069619,"z":-0.000016075955500127748,"w":-0.9997680187225342},"size":21.204256057739259,"orthographic":false}