{"cameraMode":{"drawMode":0,"name":"Shaded","section":"Shading Mode"},"sceneLighting":false,"audioPlay":false,"sceneViewState":{"m_AlwaysRefresh":false,"showFog":true,"showSkybox":false,"showFlares":true,"showImageEffects":true,"showParticleSystems":true,"showVisualEffectGraphs":true,"m_FxEnabled":true},"in2DMode":false,"pivot":{"x":-0.00001049041748046875,"y":0.7957968711853027,"z":0.0013009905815124512},"rotation":{"x":0.14736820757389069,"y":-0.8526871204376221,"z":0.3559121787548065,"w":0.353107750415802},"size":1.2956305742263795,"orthographic":false}