{"cameraMode":{"drawMode":0,"name":"Shaded","section":"Shading Mode"},"sceneLighting":false,"audioPlay":false,"sceneViewState":{"m_AlwaysRefresh":false,"showFog":true,"showSkybox":false,"showFlares":true,"showImageEffects":true,"showParticleSystems":true,"showVisualEffectGraphs":true,"m_FxEnabled":true},"in2DMode":false,"pivot":{"x":15.252092361450196,"y":-0.32816505432128909,"z":-17.977632522583009},"rotation":{"x":-0.00034119305200874805,"y":0.9994013905525208,"z":-0.03900723531842232,"w":-0.00969762820750475},"size":8.660253524780274,"orthographic":false}